COMMON,MOUSE,WORKER
COMMON,PIT,WORKER
COMMON,GONK,WORKER
COMMON,CB,ASTROMECH
COMMON,R3,ASTROMECH
COMMON,R5,ASTROMECH
COMMON,R8,ASTROMECH
COMMON,IMPERIAL PROBE,BATTLE
COMMON,B1 BATTLE,BATTLE
COMMON,DRK-1 PROBE,BATTLE
COMMON,ID10,BATTLE
RARE,BDX EXPLORER,WORKER
RARE,ARG,WORKER
RARE,SENATE HOVERCAM,WORKER
RARE,BU-4D,WORKER
RARE,BAL-CORE,WORKER
RARE,ROLL-R,WORKER
RARE,2BB,ASTROMECH
RARE,A-LT,ASTROMECH
RARE,R4,ASTROMECH
RARE,R9,ASTROMECH
RARE,B1 SECURITY,BATTLE
RARE,NAV-EX,BATTLE
RARE,VECT-ARM,BATTLE
RARE,HOV-R,BATTLE
EPIC,GROUNDMECH,WORKER
EPIC,LO,WORKER
EPIC,AMP WALKER,WORKER
EPIC,SEN-TRI,WORKER
EPIC,OPTI-POD,WORKER
EPIC,GUNRUNNER,WORKER
EPIC,BB,ASTROMECH
EPIC,R2,ASTROMECH
EPIC,R6,ASTROMECH
EPIC,TRAK-R,ASTROMECH
EPIC,ORB-WALKER,ASTROMECH
EPIC,UTIL-TEC,ASTROMECH
EPIC,B1 HEAVY,BATTLE
EPIC,B2 SUPER,BATTLE
EPIC,B2 HEAVY,BATTLE
EPIC,STRIKE-ORB,BATTLE
EPIC,HAUL-R,BATTLE
EPIC,LNG-SHOT,BATTLE
LEGENDARY,PROTO-ROLLER,WORKER
LEGENDARY,MECHA-DROID,WORKER
LEGENDARY,MONO-WLKR,WORKER
LEGENDARY,BB9,ASTROMECH
LEGENDARY,R7,ASTROMECH
LEGENDARY,B2-RP,BATTLE
LEGENDARY,CYCLO-GRAV,BATTLE
LEGENDARY,OPTI-STRK,BATTLE
MYTHIC,SNOW MOUSE,WORKER
MYTHIC,RIC,WORKER
MYTHIC,LOADLIFTER,WORKER
MYTHIC,LEP,WORKER
MYTHIC,RIC-1200,WORKER
MYTHIC,DRFT-R,ASTROMECH
MYTHIC,CYCLENS,ASTROMECH
MYTHIC,MO-TRAK,ASTROMECH
MYTHIC,TRI-TEK,ASTROMECH
MYTHIC,IG,BATTLE
MYTHIC,KX,BATTLE
ICONIC ,BB-8,ASTROMECH
ICONIC,MISTER BONES,BATTLE
ICONIC,IG-11 MARSHAL,BATTLE
ICONIC,DJ-R3X,WORKER
ICONIC,CB-23,ASTROMECH
ICONIC,R2-D2,ASTROMECH
ICONIC,C-3P0,WORKER
ICONIC,CHOPPER,ASTROMECH