nombre,calidad,fichero
2BB,BESKAR,2BB_BESKAR.webp
2BB,DEFAULT,2BB_DEFAULT.webp
2BB,DIAMOND,2BB_DIAMOND.webp
2BB,GOLD,2BB_GOLD.webp
2BB,RAINBOW,2BB_RAINBOW.webp
A-LT,BESKAR,A-LT_BESKAR.webp
A-LT,DEFAULT,A-LT_DEFAULT.webp
A-LT,DIAMOND,A-LT_DIAMOND.webp
A-LT,GOLD,A-LT_GOLD.webp
A-LT,RAINBOW,A-LT_RAINBOW.webp
AMP WALKER,BESKAR,AMP_WALKER_BESKAR.webp
AMP WALKER,DEFAULT,AMP_WALKER_DEFAULT.webp
AMP WALKER,DIAMOND,AMP_WALKER_DIAMOND.webp
AMP WALKER,GOLD,AMP_WALKER_GOLD.webp
AMP WALKER,RAINBOW,AMP_WALKER_RAINBOW.webp
ARG,BESKAR,ARG_BESKAR.webp
ARG,DEFAULT,ARG_DEFAULT.webp
ARG,DIAMOND,ARG_DIAMOND.webp
ARG,GOLD,ARG_GOLD.webp
ARG,RAINBOW,ARG_RAINBOW.webp
B1 BATTLE,BESKAR,B1_BATTLE_BESKAR.webp
B1 BATTLE,DEFAULT,B1_BATTLE_DEFAULT.webp
B1 BATTLE,DIAMOND,B1_BATTLE_DIAMOND.webp
B1 BATTLE,GOLD,B1_BATTLE_GOLD.webp
B1 BATTLE,RAINBOW,B1_BATTLE_RAINBOW.webp
B1 HEAVY,BESKAR,B1_HEAVY_BESKAR.webp
B1 HEAVY,DEFAULT,B1_HEAVY_DEFAULT.webp
B1 HEAVY,DIAMOND,B1_HEAVY_DIAMOND.webp
B1 HEAVY,GOLD,B1_HEAVY_GOLD.webp
B1 HEAVY,RAINBOW,B1_HEAVY_RAINBOW.webp
B1 SECURITY,BESKAR,B1_SECURITY_BESKAR.webp
B1 SECURITY,DEFAULT,B1_SECURITY_DEFAULT.webp
B1 SECURITY,DIAMOND,B1_SECURITY_DIAMOND.webp
B1 SECURITY,GOLD,B1_SECURITY_GOLD.webp
B1 SECURITY,RAINBOW,B1_SECURITY_RAINBOW.webp
B2-RP,BESKAR,B2-RP_BESKAR.webp
B2-RP,DEFAULT,B2-RP_DEFAULT.webp
B2-RP,DIAMOND,B2-RP_DIAMOND.webp
B2-RP,GOLD,B2-RP_GOLD.webp
B2-RP,RAINBOW,B2-RP_RAINBOW.webp
B2 HEAVY,BESKAR,B2_HEAVY_BESKAR.webp
B2 HEAVY,DEFAULT,B2_HEAVY_DEFAULT.webp
B2 HEAVY,DIAMOND,B2_HEAVY_DIAMOND.webp
B2 HEAVY,GOLD,B2_HEAVY_GOLD.webp
B2 HEAVY,RAINBOW,B2_HEAVY_RAINBOW.webp
B2 SUPER,BESKAR,B2_SUPER_BESKAR.webp
B2 SUPER,DEFAULT,B2_SUPER_DEFAULT.webp
B2 SUPER,DIAMOND,B2_SUPER_DIAMOND.webp
B2 SUPER,GOLD,B2_SUPER_GOLD.webp
B2 SUPER,RAINBOW,B2_SUPER_RAINBOW.webp
BAL-CORE,BESKAR,BAL-CORE_BESKAR.webp
BAL-CORE,DEFAULT,BAL-CORE_DEFAULT.webp
BAL-CORE,DIAMOND,BAL-CORE_DIAMOND.webp
BAL-CORE,GOLD,BAL-CORE_GOLD.webp
BAL-CORE,RAINBOW,BAL-CORE_RAINBOW.webp
BB-8,DEFAULT,BB8_DEFAULT.webp
BB9,BESKAR,BB9_BESKAR.webp
BB9,DEFAULT,BB9_DEFAULT.webp
BB9,DIAMOND,BB9_DIAMOND.webp
BB9,GOLD,BB9_GOLD.webp
BB9,RAINBOW,BB9_RAINBOW.webp
BB,BESKAR,BB_BESKAR.webp
BB,DEFAULT,BB_DEFAULT.webp
BB,DIAMOND,BB_DIAMOND.webp
BB,GOLD,BB_GOLD.webp
BB,RAINBOW,BB_RAINBOW.webp
BDX EXPLORER,BESKAR,BDX_EXPLORER_BESKAR.webp
BDX EXPLORER,DEFAULT,BDX_EXPLORER_DEFAULT.webp
BDX EXPLORER,DIAMOND,BDX_EXPLORER_DIAMOND.webp
BDX EXPLORER,GOLD,BDX_EXPLORER_GOLD.webp
BDX EXPLORER,RAINBOW,BDX_EXPLORER_RAINBOW.webp
BU-4D,BESKAR,BU-4D_BESKAR.webp
BU-4D,DEFAULT,BU-4D_DEFAULT.webp
BU-4D,DIAMOND,BU-4D_DIAMOND.webp
BU-4D,GOLD,BU-4D_GOLD.webp
BU-4D,RAINBOW,BU-4D_RAINBOW.webp
C-3PO,DEFAULT,C-3PO_DEFAULT.webp
CB-23,DEFAULT,CB-23_DEFAULT.webp
CB,BESKAR,CB_BESKAR.webp
CB,DEFAULT,CB_DEFAULT.webp
CB,DIAMOND,CB_DIAMOND.webp
CB,GOLD,CB_GOLD.webp
CB,RAINBOW,CB_RAINBOW.webp
CYCLENS,BESKAR,CYCLENS_BESKAR.webp
CYCLENS,DEFAULT,CYCLENS_DEFAULT.webp
CYCLENS,DIAMOND,CYCLENS_DIAMOND.webp
CYCLENS,GOLD,CYCLENS_GOLD.webp
CYCLENS,RAINBOW,CYCLENS_RAINBOW.webp
CYCLO-GRAV,BESKAR,CYCLO-GRAV_BESKAR.webp
CYCLO-GRAV,DEFAULT,CYCLO-GRAV_DEFAULT.webp
CYCLO-GRAV,DIAMOND,CYCLO-GRAV_DIAMOND.webp
CYCLO-GRAV,GOLD,CYCLO-GRAV_GOLD.webp
CYCLO-GRAV,RAINBOW,CYCLO-GRAV_RAINBOW.webp
DJ-R3X,DEFAULT,DJ_R-3X_DEFAULT.webp
DRFT-R,BESKAR,DRFT-R_BESKAR.webp
DRFT-R,DEFAULT,DRFT-R_DEFAULT.webp
DRFT-R,DIAMOND,DRFT-R_DIAMOND.webp
DRFT-R,GOLD,DRFT-R_GOLD.webp
DRFT-R,RAINBOW,DRFT-R_RAINBOW.webp
DRK-1 PROBE,BESKAR,DRK-1_PROBE_BESKAR.webp
DRK-1 PROBE,DEFAULT,DRK-1_PROBE_DEFAULT.webp
DRK-1 PROBE,DIAMOND,DRK-1_PROBE_DIAMOND.webp
DRK-1 PROBE,GOLD,DRK-1_PROBE_GOLD.webp
DRK-1 PROBE,RAINBOW,DRK-1_PROBE_RAINBOW.webp
GONK,BESKAR,GONK_BESKAR.webp
GONK,DEFAULT,GONK_DEFAULT.webp
GONK,DIAMOND,GONK_DIAMOND.webp
GONK,GOLD,GONK_GOLD.webp
GONK,RAINBOW,GONK_RAINBOW.webp
GROUNDMECH,BESKAR,GROUNDMECH_BESKAR.webp
GROUNDMECH,DEFAULT,GROUNDMECH_DEFAULT.webp
GROUNDMECH,DIAMOND,GROUNDMECH_DIAMOND.webp
GROUNDMECH,GOLD,GROUNDMECH_GOLD.webp
GROUNDMECH,RAINBOW,GROUNDMECH_RAINBOW.webp
GUNRUNNER,BESKAR,GUNRUNNER_BESKAR.webp
GUNRUNNER,DEFAULT,GUNRUNNER_DEFAULT.webp
GUNRUNNER,DIAMOND,GUNRUNNER_DIAMOND.webp
GUNRUNNER,GOLD,GUNRUNNER_GOLD.webp
GUNRUNNER,RAINBOW,GUNRUNNER_RAINBOW.webp
HAUL-R,BESKAR,HAUL-R_BESKAR.webp
HAUL-R,DEFAULT,HAUL-R_DEFAULT.webp
HAUL-R,DIAMOND,HAUL-R_DIAMOND.webp
HAUL-R,GOLD,HAUL-R_GOLD.webp
HAUL-R,RAINBOW,HAUL-R_RAINBOW.webp
HOV-R,BESKAR,HOV-R_BESKAR.webp
HOV-R,DEFAULT,HOV-R_DEFAULT.webp
HOV-R,DIAMOND,HOV-R_DIAMOND.webp
HOV-R,GOLD,HOV-R_GOLD.webp
HOV-R,RAINBOW,HOV-R_RAINBOW.webp
ID10,BESKAR,ID10_BESKAR.webp
ID10,DEFAULT,ID10_DEFAULT.webp
ID10,DIAMOND,ID10_DIAMOND.webp
ID10,GOLD,ID10_GOLD.webp
ID10,RAINBOW,ID10_RAINBOW.webp
IG-11 MARSHAL,DEFAULT,IG-11_MARSHAL_DEFAULT.webp
IG,BESKAR,IG_BESKAR.webp
IG,DEFAULT,IG_DEFAULT.webp
IG,DIAMOND,IG_DIAMOND.webp
IG,GOLD,IG_GOLD.webp
IG,RAINBOW,IG_RAINBOW.webp
IMPERIAL PROBE,BESKAR,IMPERIAL_PROBE_BESKAR.webp
IMPERIAL PROBE,DEFAULT,IMPERIAL_PROBE_DEFAULT.webp
IMPERIAL PROBE,DIAMOND,IMPERIAL_PROBE_DIAMOND.webp
IMPERIAL PROBE,GOLD,IMPERIAL_PROBE_GOLD.webp
IMPERIAL PROBE,RAINBOW,IMPERIAL_PROBE_RAINBOW.webp
KX,BESKAR,KX_BESKAR.webp
KX,DEFAULT,KX_DEFAULT.webp
KX,DIAMOND,KX_DIAMOND.webp
KX,GOLD,KX_GOLD.webp
KX,RAINBOW,KX_RAINBOW.webp
LEP,BESKAR,LEP_BESKAR.webp
LEP,DEFAULT,LEP_DEFAULT.webp
LEP,DIAMOND,LEP_DIAMOND.webp
LEP,GOLD,LEP_GOLD.webp
LEP,RAINBOW,LEP_RAINBOW.webp
LNG-SHOT,BESKAR,LNG-SHOT_BESKAR.webp
LNG-SHOT,DEFAULT,LNG-SHOT_DEFAULT.webp
LNG-SHOT,DIAMOND,LNG-SHOT_DIAMOND.webp
LNG-SHOT,GOLD,LNG-SHOT_GOLD.webp
LNG-SHOT,RAINBOW,LNG-SHOT_RAINBOW.webp
LOADLIFTER,BESKAR,LOADLIFTER_BESKAR.webp
LOADLIFTER,DEFAULT,LOADLIFTER_DEFAULT.webp
LOADLIFTER,DIAMOND,LOADLIFTER_DIAMOND.webp
LOADLIFTER,GOLD,LOADLIFTER_GOLD.webp
LOADLIFTER,RAINBOW,LOADLIFTER_RAINBOW.webp
LO,BESKAR,LO_BESKAR.webp
LO,DEFAULT,LO_DEFAULT.webp
LO,DIAMOND,LO_DIAMOND.webp
LO,GOLD,LO_GOLD.webp
LO,RAINBOW,LO_RAINBOW.webp
MECHA-DROID,BESKAR,MECHA-DROID_BESKAR.webp
MECHA-DROID,DEFAULT,MECHA-DROID_DEFAULT.webp
MECHA-DROID,DIAMOND,MECHA-DROID_DIAMOND.webp
MECHA-DROID,GOLD,MECHA-DROID_GOLD.webp
MECHA-DROID,RAINBOW,MECHA-DROID_RAINBOW.webp
MISTER BONES,DEFAULT,MISTER_BONES_DEFAULT.webp
MO-TRAK,BESKAR,MO-TRAK_BESKAR.webp
MO-TRAK,DEFAULT,MO-TRAK_DEFAULT.webp
MO-TRAK,DIAMOND,MO-TRAK_DIAMOND.webp
MO-TRAK,GOLD,MO-TRAK_GOLD.webp
MO-TRAK,RAINBOW,MO-TRAK_RAINBOW.webp
MONO-WLKR,BESKAR,MONO-WLKR_BESKAR.webp
MONO-WLKR,DEFAULT,MONO-WLKR_DEFAULT.webp
MONO-WLKR,DIAMOND,MONO-WLKR_DIAMOND.webp
MONO-WLKR,GOLD,MONO-WLKR_GOLD.webp
MONO-WLKR,RAINBOW,MONO-WLKR_RAINBOW.webp
MOUSE,BESKAR,MOUSE_BESKAR.webp
MOUSE,DEFAULT,MOUSE_DEFAULT.webp
MOUSE,DIAMOND,MOUSE_DIAMOND.webp
MOUSE,GOLD,MOUSE_GOLD.webp
MOUSE,RAINBOW,MOUSE_RAINBOW.webp
NAV-EX,BESKAR,NAV-EX_BESKAR.webp
NAV-EX,DEFAULT,NAV-EX_DEFAULT.webp
NAV-EX,DIAMOND,NAV-EX_DIAMOND.webp
NAV-EX,GOLD,NAV-EX_GOLD.webp
NAV-EX,RAINBOW,NAV-EX_RAINBOW.webp
OPTI-POD,BESKAR,OPTI-POD_BESKAR.webp
OPTI-POD,DEFAULT,OPTI-POD_DEFAULT.webp
OPTI-POD,DIAMOND,OPTI-POD_DIAMOND.webp
OPTI-POD,GOLD,OPTI-POD_GOLD.webp
OPTI-POD,RAINBOW,OPTI-POD_RAINBOW.webp
OPTI-STRK,BESKAR,OPTI-STRK_BESKAR.webp
OPTI-STRK,DEFAULT,OPTI-STRK_DEFAULT.webp
OPTI-STRK,DIAMOND,OPTI-STRK_DIAMOND.webp
OPTI-STRK,GOLD,OPTI-STRK_GOLD.webp
OPTI-STRK,RAINBOW,OPTI-STRK_RAINBOW.webp
ORB-WALKER,BESKAR,ORB-WALKER_BESKAR.webp
ORB-WALKER,DEFAULT,ORB-WALKER_DEFAULT.webp
ORB-WALKER,DIAMOND,ORB-WALKER_DIAMOND.webp
ORB-WALKER,GOLD,ORB-WALKER_GOLD.webp
ORB-WALKER,RAINBOW,ORB-WALKER_RAINBOW.webp
PIT,BESKAR,PIT_BESKAR.webp
PIT,DEFAULT,PIT_DEFAULT.webp
PIT,DIAMOND,PIT_DIAMOND.webp
PIT,GOLD,PIT_GOLD.webp
PIT,RAINBOW,PIT_RAINBOW.webp
PROTO-ROLLER,BESKAR,PROTO-ROLLER_BESKAR.webp
PROTO-ROLLER,DEFAULT,PROTO-ROLLER_DEFAULT.webp
PROTO-ROLLER,DIAMOND,PROTO-ROLLER_DIAMOND.webp
PROTO-ROLLER,GOLD,PROTO-ROLLER_GOLD.webp
PROTO-ROLLER,RAINBOW,PROTO-ROLLER_RAINBOW.webp
R2-D2,DEFAULT,R2-D2_DEFAULT.webp
R2,BESKAR,R2_BESKAR.webp
R2,DEFAULT,R2_DEFAULT.webp
R2,DIAMOND,R2_DIAMOND.webp
R2,GOLD,R2_GOLD.webp
R2,RAINBOW,R2_RAINBOW.webp
R3,BESKAR,R3_BESKAR.webp
R3,DEFAULT,R3_DEFAULT.webp
R3,DIAMOND,R3_DIAMOND.webp
R3,GOLD,R3_GOLD.webp
R3,RAINBOW,R3_RAINBOW.webp
R4,BESKAR,R4_BESKAR.webp
R4,DEFAULT,R4_DEFAULT.webp
R4,DIAMOND,R4_DIAMOND.webp
R4,GOLD,R4_GOLD.webp
R4,RAINBOW,R4_RAINBOW.webp
R5,BESKAR,R5_BESKAR.webp
R5,DEFAULT,R5_DEFAULT.webp
R5,DIAMOND,R5_DIAMOND.webp
R5,GOLD,R5_GOLD.webp
R5,RAINBOW,R5_RAINBOW.webp
R6,BESKAR,R6_BESKAR.webp
R6,DEFAULT,R6_DEFAULT.webp
R6,DIAMOND,R6_DIAMOND.webp
R6,GOLD,R6_GOLD.webp
R6,RAINBOW,R6_RAINBOW.webp
R7,BESKAR,R7_BESKAR.webp
R7,DEFAULT,R7_DEFAULT.webp
R7,DIAMOND,R7_DIAMOND.webp
R7,GOLD,R7_GOLD.webp
R7,RAINBOW,R7_RAINBOW.webp
R8,BESKAR,R8_BESKAR.webp
R8,DEFAULT,R8_DEFAULT.webp
R8,DIAMOND,R8_DIAMOND.webp
R8,GOLD,R8_GOLD.webp
R8,RAINBOW,R8_RAINBOW.webp
R9,BESKAR,R9_BESKAR.webp
R9,DEFAULT,R9_DEFAULT.webp
R9,DIAMOND,R9_DIAMOND.webp
R9,GOLD,R9_GOLD.webp
R9,RAINBOW,R9_RAINBOW.webp
RIC-1200,BESKAR,RIC-1200_BESKAR.webp
RIC-1200,DEFAULT,RIC-1200_DEFAULT.webp
RIC-1200,DIAMOND,RIC-1200_DIAMOND.webp
RIC-1200,GOLD,RIC-1200_GOLD.webp
RIC-1200,RAINBOW,RIC-1200_RAINBOW.webp
RIC,BESKAR,RIC_BESKAR.webp
RIC,DEFAULT,RIC_DEFAULT.webp
RIC,DIAMOND,RIC_DIAMOND.webp
RIC,GOLD,RIC_GOLD.webp
RIC,RAINBOW,RIC_RAINBOW.webp
ROLL-R,BESKAR,ROLL-R_BESKAR.webp
ROLL-R,DEFAULT,ROLL-R_DEFAULT.webp
ROLL-R,DIAMOND,ROLL-R_DIAMOND.webp
ROLL-R,GOLD,ROLL-R_GOLD.webp
ROLL-R,RAINBOW,ROLL-R_RAINBOW.webp
SEN-TRI,BESKAR,SEN-TRI_BESKAR.webp
SEN-TRI,DEFAULT,SEN-TRI_DEFAULT.webp
SEN-TRI,DIAMOND,SEN-TRI_DIAMOND.webp
SEN-TRI,GOLD,SEN-TRI_GOLD.webp
SEN-TRI,RAINBOW,SEN-TRI_RAINBOW.webp
SENATE HOVERCAM,BESKAR,SENATE_HOVERCAM_BESKAR.webp
SENATE HOVERCAM,DEFAULT,SENATE_HOVERCAM_DEFAULT.webp
SENATE HOVERCAM,DIAMOND,SENATE_HOVERCAM_DIAMOND.webp
SENATE HOVERCAM,GOLD,SENATE_HOVERCAM_GOLD.webp
SENATE HOVERCAM,RAINBOW,SENATE_HOVERCAM_RAINBOW.webp
SNOW MOUSE,BESKAR,SNOW_MOUSE_BESKAR.webp
SNOW MOUSE,DEFAULT,SNOW_MOUSE_DEFAULT.webp
SNOW MOUSE,DIAMOND,SNOW_MOUSE_DIAMOND.webp
SNOW MOUSE,GOLD,SNOW_MOUSE_GOLD.webp
SNOW MOUSE,RAINBOW,SNOW_MOUSE_RAINBOW.webp
STRIKE-ORB,BESKAR,STRIKE-ORB_BESKAR.webp
STRIKE-ORB,DEFAULT,STRIKE-ORB_DEFAULT.webp
STRIKE-ORB,DIAMOND,STRIKE-ORB_DIAMOND.webp
STRIKE-ORB,GOLD,STRIKE-ORB_GOLD.webp
STRIKE-ORB,RAINBOW,STRIKE-ORB_RAINBOW.webp
TRAK-R,BESKAR,TRAK-R_BESKAR.webp
TRAK-R,DEFAULT,TRAK-R_DEFAULT.webp
TRAK-R,DIAMOND,TRAK-R_DIAMOND.webp
TRAK-R,GOLD,TRAK-R_GOLD.webp
TRAK-R,RAINBOW,TRAK-R_RAINBOW.webp
TRI-TEK,BESKAR,TRI-TEK_BESKAR.webp
TRI-TEK,DEFAULT,TRI-TEK_DEFAULT.webp
TRI-TEK,DIAMOND,TRI-TEK_DIAMOND.webp
TRI-TEK,GOLD,TRI-TEK_GOLD.webp
TRI-TEK,RAINBOW,TRI-TEK_RAINBOW.webp
UTIL-TEC,BESKAR,UTIL-TEC_BESKAR.webp
UTIL-TEC,DEFAULT,UTIL-TEC_DEFAULT.webp
UTIL-TEC,DIAMOND,UTIL-TEC_DIAMOND.webp
UTIL-TEC,GOLD,UTIL-TEC_GOLD.webp
UTIL-TEC,RAINBOW,UTIL-TEC_RAINBOW.webp
VECT-ARM,BESKAR,VECT-ARM_BESKAR.webp
VECT-ARM,DEFAULT,VECT-ARM_DEFAULT.webp
VECT-ARM,DIAMOND,VECT-ARM_DIAMOND.webp
VECT-ARM,GOLD,VECT-ARM_GOLD.webp
VECT-ARM,RAINBOW,VECT-ARM_RAINBOW.webp
