ciclo,renacer,creditos,droide_1,droide_2,droide_3
4,1,10K,DEFAULT ID10,DEFAULT PIT,DEFAULT DRK-1 PROBE
4,2,150K,DEFAULT R3,DEFAULT 2BB,DEFAULT SENATE HOVERCAM
4,3,975K,GOLD R5,GOLD R8,DEFAULT R4
4,4,2.95M,GOLD B1 BATTLE,GOLD R9,GOLD B1 SECURITY
4,5,5.35M,GOLD R3,GOLD 2BB,GOLD SENATE HOVERCAM
4,6,9.85M,DIAMOND R5,DIAMOND R4,DIAMOND BDX EXPLORER
4,7,14.5M,DIAMOND R8,DIAMOND B1 BATTLE,DIAMOND R9
4,8,36M,RAINBOW R3,RAINBOW B1 SECURITY,RAINBOW 2BB
4,9,89M,RAINBOW R5,RAINBOW R4,RAINBOW BDX EXPLORER
4,10,220M,RAINBOW SENATE HOVERCAM,DEFAULT GROUNDMECH,DEFAULT TRAK-R
4,11,550M,DEFAULT B2 HEAVY,DEFAULT B2 SUPER,DEFAULT UTIL-TEC
4,12,1.36B,RAINBOW BAL-CORE,GOLD GROUNDMECH,GOLD TRAK-R
4,13,3.40B,RAINBOW B2 SUPER,DEFAULT MECHA-DROID,DEFAULT PROTO-ROLLER
4,14,8.45B,DIAMOND BAL-CORE,DIAMOND GROUNDMECH,RAINBOW TRAK-R
4,15,21.00B,DIAMOND B2 HEAVY,RAINBOW B2 SUPER,DEFAULT B2-RP
4,16,52.00B,RAINBOW UTIL-TEC,DEFAULT BB9,GOLD R7
4,17,130.00B,DEFAULT OPTI-STRK,GOLD CYCLO-GRAV,GOLD MECHA-DROID
4,18,325.00B,GOLD B2-RP,GOLD BB9,DIAMOND R7
4,19,810.00B,DIAMOND MECHA-DROID,RAINBOW R7,RAINBOW B2-RP
4,20,2.00T,RAINBOW MONO-WLKR,RAINBOW OPTI-STRK,RAINBOW CYCLO-GRAV
4,21,3.00T,BESKAR AMP WALKER,BESKAR GROUNDMECH,BESKAR HAUL-R
4,22,4.50T,BESKAR GUNRUNNER,BESKAR STRIKE-ORB,BESKAR B2 SUPER
4,23,6.00T,BESKAR MONO-WLKR,BESKAR CYCLO-GRAV,BESKAR B2-RP
4,24,9.00T,BESKAR MECHA-DROID,BESKAR PROTO-ROLLER,DEFAULT MO-TRAK
4,25,13.50T,BESKAR OPTI-STRK,DEFAULT TRI-TEK,GOLD DRFT-R
4,26,21.00T,GOLD CYCLENS,DIAMOND LEP,RAINBOW MO-TRAK
4,27,32.00T,DIAMOND RIC-1200,RAINBOW SNOW MOUSE,BESKAR LOADLIFTER
4,28,45.00T,GALACTIC OPTI-STRK,RAINBOW IG,BESKAR KX
4,29,68.00T,GALACTIC BB9,GALACTIC R7,BESKAR TRI-TEK
4,30,100.00T,GALACTIC MONO-WLKR,GALACTIC IG,BESKAR CYCLENS
4,31,150T,STELLAR TRAK-R,BESKAR CYCLO-GRAV,BESKAR TRI-TEK
4,32,230T,GALACTIC R2,GALACTIC R6,BESKAR IG
4,33,345T,STELLAR B2 HEAVY,GALACTIC BB9,GALACTIC RIC-1200
4,34,520T,STELLAR STRIKE-ORB,STELLAR AMP WALKER,GALACTIC MO-TRAK
4,35,778T,STELLAR B2-RP,STELLAR LOADLIFTER,STELLAR LEP
