Nivel_Rebirth,Cristales_Nova,Multiplicador_Creditos,Multiplicador_XP
RB12,11,22%,110%
RB13,16,32%,160%
RB14,22,44%,220%
RB15,29,58%,290%
RB16,37,74%,370%
RB17,46,92%,460%
RB18,56,112%,560%
RB19,67,134%,670%
RB20,79,158%,790%
RB21,92,184%,920%
RB22,106,212%,1060%
RB23,121,242%,1210%
RB24,137,274%,1370%
RB25,154,308%,1540%
RB26,172,344%,1720%
RB27,191,382%,1910%
RB28,211,422%,2110%
RB29,232,464%,2320%
RB30,254,508%,2540%
RB31,277,554%,2770%
RB32,301,602%,3010%
RB33,326,652%,3260%
RB34,362,704%,3520%
RB35,379,758%,3790%
RB36,407,?,?
RB37,436,?,?
RB38,466,?,?
RB39,497,?,?
RB40,529,?,?
